[{"model": "admin.logentry", "pk": 1, "fields": {"action_time": "2021-11-20T15:36:59.522Z", "user": 1, "content_type": 7, "object_id": "1", "object_repr": "1. J. K. Rowling", "action_flag": 1, "change_message": "[{\"added\": {}}]"}}, {"model": "admin.logentry", "pk": 2, "fields": {"action_time": "2021-11-20T15:37:33.186Z", "user": 1, "content_type": 7, "object_id": "2", "object_repr": "2. Toti Martinez de Lezea", "action_flag": 1, "change_message": "[{\"added\": {}}]"}}, {"model": "admin.logentry", "pk": 3, "fields": {"action_time": "2021-11-20T15:37:58.587Z", "user": 1, "content_type": 7, "object_id": "3", "object_repr": "3. Roald Dahl", "action_flag": 1, "change_message": "[{\"added\": {}}]"}}, {"model": "admin.logentry", "pk": 4, "fields": {"action_time": "2021-11-20T15:38:24.528Z", "user": 1, "content_type": 7, "object_id": "4", "object_repr": "4. Enid Blyton", "action_flag": 1, "change_message": "[{\"added\": {}}]"}}, {"model": "admin.logentry", "pk": 5, "fields": {"action_time": "2021-11-20T15:38:49.280Z", "user": 1, "content_type": 7, "object_id": "5", "object_repr": "5. Bernardo Atxaga", "action_flag": 1, "change_message": "[{\"added\": {}}]"}}, {"model": "admin.logentry", "pk": 6, "fields": {"action_time": "2021-11-20T15:39:10.201Z", "user": 1, "content_type": 7, "object_id": "6", "object_repr": "6. Isabel Allende", "action_flag": 1, "change_message": "[{\"added\": {}}]"}}, {"model": "admin.logentry", "pk": 7, "fields": {"action_time": "2021-11-20T15:42:18.460Z", "user": 1, "content_type": 7, "object_id": "7", "object_repr": "7. Claude Voilier", "action_flag": 1, "change_message": "[{\"added\": {}}]"}}, {"model": "admin.logentry", "pk": 8, "fields": {"action_time": "2021-11-20T15:42:43.212Z", "user": 1, "content_type": 7, "object_id": "8", "object_repr": "8. Eileen Soper", "action_flag": 1, "change_message": "[{\"added\": {}}]"}}, {"model": "admin.logentry", "pk": 9, "fields": {"action_time": "2021-11-20T15:43:07.023Z", "user": 1, "content_type": 7, "object_id": "9", "object_repr": "9. Patxi Zabaleta", "action_flag": 1, "change_message": "[{\"added\": {}}]"}}, {"model": "admin.logentry", "pk": 10, "fields": {"action_time": "2021-11-20T15:43:28.972Z", "user": 1, "content_type": 7, "object_id": "10", "object_repr": "10. Mikel Sorauren", "action_flag": 1, "change_message": "[{\"added\": {}}]"}}, {"model": "admin.logentry", "pk": 11, "fields": {"action_time": "2021-11-20T15:43:50.243Z", "user": 1, "content_type": 7, "object_id": "11", "object_repr": "11. Juantxo Madariaga", "action_flag": 1, "change_message": "[{\"added\": {}}]"}}, {"model": "admin.logentry", "pk": 12, "fields": {"action_time": "2021-11-20T15:44:10.680Z", "user": 1, "content_type": 7, "object_id": "12", "object_repr": "12. Xabier Irujo", "action_flag": 1, "change_message": "[{\"added\": {}}]"}}, {"model": "admin.logentry", "pk": 13, "fields": {"action_time": "2021-11-20T15:44:32.561Z", "user": 1, "content_type": 7, "object_id": "13", "object_repr": "13. Fernando Sanchez Aranaz", "action_flag": 1, "change_message": "[{\"added\": {}}]"}}, {"model": "admin.logentry", "pk": 14, "fields": {"action_time": "2021-11-20T15:44:53.868Z", "user": 1, "content_type": 7, "object_id": "14", "object_repr": "14. Idoia Arrieta", "action_flag": 1, "change_message": "[{\"added\": {}}]"}}, {"model": "admin.logentry", "pk": 15, "fields": {"action_time": "2021-11-20T15:45:15.581Z", "user": 1, "content_type": 7, "object_id": "15", "object_repr": "15. Asisko Urmeneta", "action_flag": 1, "change_message": "[{\"added\": {}}]"}}, {"model": "admin.logentry", "pk": 16, "fields": {"action_time": "2021-11-20T15:46:29.890Z", "user": 1, "content_type": 8, "object_id": "1", "object_repr": "1. PlanetaDeLibro", "action_flag": 1, "change_message": "[{\"added\": {}}]"}}, {"model": "admin.logentry", "pk": 17, "fields": {"action_time": "2021-11-20T15:46:53.997Z", "user": 1, "content_type": 8, "object_id": "2", "object_repr": "2. Erein", "action_flag": 1, "change_message": "[{\"added\": {}}]"}}, {"model": "admin.logentry", "pk": 18, "fields": {"action_time": "2021-11-20T15:47:07.740Z", "user": 1, "content_type": 9, "object_id": "1", "object_repr": "1. Comedia", "action_flag": 1, "change_message": "[{\"added\": {}}]"}}, {"model": "admin.logentry", "pk": 19, "fields": {"action_time": "2021-11-20T15:47:11.692Z", "user": 1, "content_type": 9, "object_id": "2", "object_repr": "2. Drama", "action_flag": 1, "change_message": "[{\"added\": {}}]"}}, {"model": "admin.logentry", "pk": 20, "fields": {"action_time": "2021-11-20T15:47:21.051Z", "user": 1, "content_type": 9, "object_id": "3", "object_repr": "3. Thriller", "action_flag": 1, "change_message": "[{\"added\": {}}]"}}, {"model": "admin.logentry", "pk": 21, "fields": {"action_time": "2021-11-20T15:47:33.386Z", "user": 1, "content_type": 10, "object_id": "1", "object_repr": "1. Euskara", "action_flag": 1, "change_message": "[{\"added\": {}}]"}}, {"model": "admin.logentry", "pk": 22, "fields": {"action_time": "2021-11-20T15:47:38.514Z", "user": 1, "content_type": 10, "object_id": "2", "object_repr": "2. Castellano", "action_flag": 1, "change_message": "[{\"added\": {}}]"}}, {"model": "admin.logentry", "pk": 23, "fields": {"action_time": "2021-11-20T15:48:57.482Z", "user": 1, "content_type": 11, "object_id": "1", "object_repr": "1. Harry Potter y la piedra filosofal, <QuerySet [<Autor: 1. J. K. Rowling>]>, 1. PlanetaDeLibro, 1. Comedia, 1. Euskara, 150 páginas", "action_flag": 1, "change_message": "[{\"added\": {}}]"}}, {"model": "admin.logentry", "pk": 24, "fields": {"action_time": "2021-11-20T15:49:46.840Z", "user": 1, "content_type": 11, "object_id": "2", "object_repr": "2. Nur 1, <QuerySet [<Autor: 2. Toti Martinez de Lezea>]>, 2. Erein, 2. Drama, 1. Euskara, 400 páginas", "action_flag": 1, "change_message": "[{\"added\": {}}]"}}, {"model": "admin.logentry", "pk": 25, "fields": {"action_time": "2021-11-20T15:50:40.546Z", "user": 1, "content_type": 11, "object_id": "3", "object_repr": "3. Nur 2, <QuerySet [<Autor: 2. Toti Martinez de Lezea>]>, 1. PlanetaDeLibro, 3. Thriller, 1. Euskara, 300 páginas", "action_flag": 1, "change_message": "[{\"added\": {}}]"}}, {"model": "admin.logentry", "pk": 26, "fields": {"action_time": "2021-11-20T15:51:29.593Z", "user": 1, "content_type": 11, "object_id": "4", "object_repr": "4. Charlie y la fábrica de chocolate, <QuerySet [<Autor: 3. Roald Dahl>]>, 2. Erein, 1. Comedia, 1. Euskara, 279 páginas", "action_flag": 1, "change_message": "[{\"added\": {}}]"}}, {"model": "admin.logentry", "pk": 27, "fields": {"action_time": "2021-11-20T15:52:11.639Z", "user": 1, "content_type": 11, "object_id": "5", "object_repr": "5. Matilda, <QuerySet [<Autor: 3. Roald Dahl>]>, 1. PlanetaDeLibro, 2. Drama, 1. Euskara, 390 páginas", "action_flag": 1, "change_message": "[{\"added\": {}}]"}}, {"model": "admin.logentry", "pk": 28, "fields": {"action_time": "2021-11-20T15:53:23.965Z", "user": 1, "content_type": 11, "object_id": "6", "object_repr": "6. Los 5, <QuerySet [<Autor: 4. Enid Blyton>, <Autor: 8. Eileen Soper>, <Autor: 9. Patxi Zabaleta>]>, 2. Erein, 3. Thriller, 1. Euskara, 450 páginas", "action_flag": 1, "change_message": "[{\"added\": {}}]"}}, {"model": "admin.logentry", "pk": 29, "fields": {"action_time": "2021-11-20T15:54:14.047Z", "user": 1, "content_type": 11, "object_id": "7", "object_repr": "7. La casa de los espíritus, <QuerySet [<Autor: 6. Isabel Allende>]>, 1. PlanetaDeLibro, 1. Comedia, 1. Euskara, 568 páginas", "action_flag": 1, "change_message": "[{\"added\": {}}]"}}, {"model": "admin.logentry", "pk": 30, "fields": {"action_time": "2021-11-20T15:55:57.192Z", "user": 1, "content_type": 11, "object_id": "8", "object_repr": "8. Bi anai, <QuerySet [<Autor: 5. Bernardo Atxaga>]>, 2. Erein, 2. Drama, 1. Euskara, 459 páginas", "action_flag": 1, "change_message": "[{\"added\": {}}]"}}, {"model": "admin.logentry", "pk": 31, "fields": {"action_time": "2021-11-20T15:56:38.762Z", "user": 1, "content_type": 11, "object_id": "9", "object_repr": "9. Obabakoak, <QuerySet [<Autor: 5. Bernardo Atxaga>]>, 1. PlanetaDeLibro, 1. Comedia, 2. Castellano, 450 páginas", "action_flag": 1, "change_message": "[{\"added\": {}}]"}}, {"model": "admin.logentry", "pk": 32, "fields": {"action_time": "2021-11-20T15:57:22.999Z", "user": 1, "content_type": 11, "object_id": "10", "object_repr": "10. Hijo de la fortuna, <QuerySet [<Autor: 6. Isabel Allende>]>, 2. Erein, 2. Drama, 2. Castellano, 340 páginas", "action_flag": 1, "change_message": "[{\"added\": {}}]"}}, {"model": "admin.logentry", "pk": 33, "fields": {"action_time": "2021-11-20T15:58:09.242Z", "user": 1, "content_type": 11, "object_id": "11", "object_repr": "11. La balada de medio pelo, <QuerySet [<Autor: 6. Isabel Allende>]>, 1. PlanetaDeLibro, 3. Thriller, 2. Castellano, 800 páginas", "action_flag": 1, "change_message": "[{\"added\": {}}]"}}, {"model": "admin.logentry", "pk": 34, "fields": {"action_time": "2021-11-20T15:58:50.520Z", "user": 1, "content_type": 11, "object_id": "12", "object_repr": "12. Las brujas, <QuerySet [<Autor: 3. Roald Dahl>]>, 2. Erein, 1. Comedia, 2. Castellano, 780 páginas", "action_flag": 1, "change_message": "[{\"added\": {}}]"}}, {"model": "admin.logentry", "pk": 35, "fields": {"action_time": "2021-11-20T15:59:27.250Z", "user": 1, "content_type": 11, "object_id": "13", "object_repr": "13. El gran gigante bonachón, <QuerySet [<Autor: 3. Roald Dahl>]>, 1. PlanetaDeLibro, 2. Drama, 2. Castellano, 450 páginas", "action_flag": 1, "change_message": "[{\"added\": {}}]"}}, {"model": "admin.logentry", "pk": 36, "fields": {"action_time": "2021-11-20T16:00:06.712Z", "user": 1, "content_type": 11, "object_id": "14", "object_repr": "14. James y el melocotón gigante, <QuerySet [<Autor: 3. Roald Dahl>]>, 2. Erein, 3. Thriller, 2. Castellano, 670 páginas", "action_flag": 1, "change_message": "[{\"added\": {}}]"}}, {"model": "admin.logentry", "pk": 37, "fields": {"action_time": "2021-11-20T16:00:47.189Z", "user": 1, "content_type": 11, "object_id": "15", "object_repr": "15. El dedo mágico, <QuerySet [<Autor: 3. Roald Dahl>]>, 1. PlanetaDeLibro, 1. Comedia, 2. Castellano, 450 páginas", "action_flag": 1, "change_message": "[{\"added\": {}}]"}}, {"model": "admin.logentry", "pk": 38, "fields": {"action_time": "2021-11-20T16:01:35.932Z", "user": 1, "content_type": 11, "object_id": "16", "object_repr": "16. Harry Potter y la cámara secreta, <QuerySet [<Autor: 1. J. K. Rowling>]>, 2. Erein, 2. Drama, 2. Castellano, 450 páginas", "action_flag": 1, "change_message": "[{\"added\": {}}]"}}, {"model": "admin.logentry", "pk": 39, "fields": {"action_time": "2021-11-20T16:02:14.749Z", "user": 1, "content_type": 11, "object_id": "17", "object_repr": "17. Harry Potter y el prisionero de Azkaban, <QuerySet [<Autor: 1. J. K. Rowling>]>, 1. PlanetaDeLibro, 2. Drama, 2. Castellano, 300 páginas", "action_flag": 1, "change_message": "[{\"added\": {}}]"}}, {"model": "admin.logentry", "pk": 40, "fields": {"action_time": "2021-11-20T16:02:50.543Z", "user": 1, "content_type": 11, "object_id": "18", "object_repr": "18. Nur 3, <QuerySet [<Autor: 2. Toti Martinez de Lezea>]>, 2. Erein, 1. Comedia, 2. Castellano, 560 páginas", "action_flag": 1, "change_message": "[{\"added\": {}}]"}}, {"model": "admin.logentry", "pk": 41, "fields": {"action_time": "2021-11-20T16:03:48.520Z", "user": 1, "content_type": 11, "object_id": "19", "object_repr": "19. Tomas Zumalakarregi eta bere garaia, <QuerySet [<Autor: 9. Patxi Zabaleta>, <Autor: 10. Mikel Sorauren>, <Autor: 11. Juantxo Madariaga>, <Autor: 12. Xabier Irujo>, <Autor: 13. Fernando Sanchez Ara", "action_flag": 1, "change_message": "[{\"added\": {}}]"}}, {"model": "admin.logentry", "pk": 42, "fields": {"action_time": "2021-11-24T12:41:42.442Z", "user": 1, "content_type": 11, "object_id": "11", "object_repr": "11. La balada de Mulán, <QuerySet [<Autor: 6. Isabel Allende>]>, 1. PlanetaDeLibro, 3. Thriller, 2. Castellano, 800 páginas", "action_flag": 2, "change_message": "[{\"changed\": {\"fields\": [\"Nombre\"]}}]"}}, {"model": "admin.logentry", "pk": 43, "fields": {"action_time": "2021-11-24T12:41:59.024Z", "user": 1, "content_type": 11, "object_id": "10", "object_repr": "10. Hija de la fortuna, <QuerySet [<Autor: 6. Isabel Allende>]>, 2. Erein, 2. Drama, 2. Castellano, 340 páginas", "action_flag": 2, "change_message": "[{\"changed\": {\"fields\": [\"Nombre\"]}}]"}}, {"model": "admin.logentry", "pk": 44, "fields": {"action_time": "2021-11-24T12:42:50.511Z", "user": 1, "content_type": 11, "object_id": "19", "object_repr": "19. El ejército Carlista del norte, <QuerySet [<Autor: 9. Patxi Zabaleta>, <Autor: 10. Mikel Sorauren>, <Autor: 11. Juantxo Madariaga>, <Autor: 12. Xabier Irujo>, <Autor: 13. Fernando Sanchez Aranaz>,", "action_flag": 2, "change_message": "[{\"changed\": {\"fields\": [\"Nombre\"]}}]"}}, {"model": "admin.logentry", "pk": 45, "fields": {"action_time": "2021-12-19T11:37:44.458Z", "user": 1, "content_type": 12, "object_id": "1", "object_repr": "lorea13. kaixo1234", "action_flag": 1, "change_message": "[{\"added\": {}}]"}}, {"model": "admin.logentry", "pk": 46, "fields": {"action_time": "2021-12-19T11:37:58.854Z", "user": 1, "content_type": 12, "object_id": "2", "object_repr": "ainhoa4. kaixo1234", "action_flag": 1, "change_message": "[{\"added\": {}}]"}}, {"model": "admin.logentry", "pk": 47, "fields": {"action_time": "2021-12-19T11:38:07.622Z", "user": 1, "content_type": 12, "object_id": "3", "object_repr": "nora7. kaixo1234", "action_flag": 1, "change_message": "[{\"added\": {}}]"}}, {"model": "admin.logentry", "pk": 48, "fields": {"action_time": "2021-12-19T11:38:40.134Z", "user": 1, "content_type": 12, "object_id": "4", "object_repr": "naroa1. kaixo1234", "action_flag": 1, "change_message": "[{\"added\": {}}]"}}, {"model": "admin.logentry", "pk": 49, "fields": {"action_time": "2021-12-19T11:39:30.690Z", "user": 1, "content_type": 12, "object_id": "5", "object_repr": "victor8. kaixo1234", "action_flag": 1, "change_message": "[{\"added\": {}}]"}}, {"model": "admin.logentry", "pk": 50, "fields": {"action_time": "2021-12-19T11:40:00.156Z", "user": 1, "content_type": 12, "object_id": "6", "object_repr": "jon10. kaixo1234", "action_flag": 1, "change_message": "[{\"added\": {}}]"}}, {"model": "admin.logentry", "pk": 51, "fields": {"action_time": "2021-12-19T11:40:29.335Z", "user": 1, "content_type": 12, "object_id": "7", "object_repr": "mikel9. kaixo1234", "action_flag": 1, "change_message": "[{\"added\": {}}]"}}, {"model": "admin.logentry", "pk": 52, "fields": {"action_time": "2021-12-19T11:40:43.132Z", "user": 1, "content_type": 12, "object_id": "8", "object_repr": "julen2. kaixo1234", "action_flag": 1, "change_message": "[{\"added\": {}}]"}}, {"model": "admin.logentry", "pk": 53, "fields": {"action_time": "2021-12-19T11:41:21.072Z", "user": 1, "content_type": 12, "object_id": "9", "object_repr": "alvaro5. kaixo1234", "action_flag": 1, "change_message": "[{\"added\": {}}]"}}, {"model": "admin.logentry", "pk": 54, "fields": {"action_time": "2021-12-19T11:41:49.388Z", "user": 1, "content_type": 12, "object_id": "8", "object_repr": "julen2. kaixo1234", "action_flag": 2, "change_message": "[{\"changed\": {\"fields\": [\"Nombre\"]}}]"}}, {"model": "admin.logentry", "pk": 55, "fields": {"action_time": "2021-12-19T11:41:55.960Z", "user": 1, "content_type": 12, "object_id": "7", "object_repr": "mikel9. kaixo1234", "action_flag": 2, "change_message": "[{\"changed\": {\"fields\": [\"Nombre\"]}}]"}}, {"model": "admin.logentry", "pk": 56, "fields": {"action_time": "2021-12-19T11:42:07.154Z", "user": 1, "content_type": 12, "object_id": "6", "object_repr": "jon10. kaixo1234", "action_flag": 2, "change_message": "[{\"changed\": {\"fields\": [\"Nombre\"]}}]"}}, {"model": "admin.logentry", "pk": 57, "fields": {"action_time": "2021-12-19T11:42:31.935Z", "user": 1, "content_type": 12, "object_id": "6", "object_repr": "jon10. kaixo1234", "action_flag": 2, "change_message": "[{\"changed\": {\"fields\": [\"Nombre\"]}}]"}}, {"model": "admin.logentry", "pk": 58, "fields": {"action_time": "2021-12-19T11:42:36.810Z", "user": 1, "content_type": 12, "object_id": "5", "object_repr": "victor8. kaixo1234", "action_flag": 2, "change_message": "[]"}}, {"model": "admin.logentry", "pk": 59, "fields": {"action_time": "2021-12-19T11:42:53.732Z", "user": 1, "content_type": 12, "object_id": "5", "object_repr": "victor8. kaixo1234", "action_flag": 2, "change_message": "[{\"changed\": {\"fields\": [\"Nombre\"]}}]"}}, {"model": "admin.logentry", "pk": 60, "fields": {"action_time": "2021-12-19T11:43:01.045Z", "user": 1, "content_type": 12, "object_id": "4", "object_repr": "naroa1. kaixo1234", "action_flag": 2, "change_message": "[{\"changed\": {\"fields\": [\"Nombre\"]}}]"}}, {"model": "admin.logentry", "pk": 61, "fields": {"action_time": "2021-12-19T11:43:06.818Z", "user": 1, "content_type": 12, "object_id": "3", "object_repr": "nora7. kaixo1234", "action_flag": 2, "change_message": "[{\"changed\": {\"fields\": [\"Nombre\"]}}]"}}, {"model": "admin.logentry", "pk": 62, "fields": {"action_time": "2021-12-19T11:43:14.790Z", "user": 1, "content_type": 12, "object_id": "2", "object_repr": "ainhoa4. kaixo1234", "action_flag": 2, "change_message": "[{\"changed\": {\"fields\": [\"Nombre\"]}}]"}}, {"model": "admin.logentry", "pk": 63, "fields": {"action_time": "2021-12-19T11:43:21.943Z", "user": 1, "content_type": 12, "object_id": "1", "object_repr": "lorea13. kaixo1234", "action_flag": 2, "change_message": "[{\"changed\": {\"fields\": [\"Nombre\"]}}]"}}, {"model": "admin.logentry", "pk": 64, "fields": {"action_time": "2021-12-19T11:43:55.996Z", "user": 1, "content_type": 12, "object_id": "10", "object_repr": "pablo3. kaixo1234", "action_flag": 1, "change_message": "[{\"added\": {}}]"}}, {"model": "admin.logentry", "pk": 65, "fields": {"action_time": "2021-12-19T11:44:29.381Z", "user": 1, "content_type": 12, "object_id": "11", "object_repr": "ruben6. kaixo1234", "action_flag": 1, "change_message": "[{\"added\": {}}]"}}, {"model": "admin.logentry", "pk": 66, "fields": {"action_time": "2021-12-19T11:45:12.749Z", "user": 1, "content_type": 12, "object_id": "12", "object_repr": "gorka3. kaixo1234", "action_flag": 1, "change_message": "[{\"added\": {}}]"}}, {"model": "admin.logentry", "pk": 67, "fields": {"action_time": "2021-12-19T11:49:21.864Z", "user": 1, "content_type": 12, "object_id": "13", "object_repr": "mati6. kaixo1234", "action_flag": 1, "change_message": "[{\"added\": {}}]"}}, {"model": "admin.logentry", "pk": 68, "fields": {"action_time": "2021-12-19T11:49:33.938Z", "user": 1, "content_type": 12, "object_id": "14", "object_repr": "anton9. kaixo1234", "action_flag": 1, "change_message": "[{\"added\": {}}]"}}, {"model": "admin.logentry", "pk": 69, "fields": {"action_time": "2021-12-19T11:49:56.510Z", "user": 1, "content_type": 12, "object_id": "15", "object_repr": "aritz8. kaixo1234", "action_flag": 1, "change_message": "[{\"added\": {}}]"}}, {"model": "admin.logentry", "pk": 70, "fields": {"action_time": "2021-12-19T19:02:26.442Z", "user": 1, "content_type": 13, "object_id": "1", "object_repr": "naroa1. kaixo1234: 5 (2. Nur 1, <QuerySet [<Autor: 2. Toti Martinez de Lezea>]>, 2. Erein, 2. Drama, 1. Euskara, 400 páginas)", "action_flag": 1, "change_message": "[{\"added\": {}}]"}}, {"model": "admin.logentry", "pk": 71, "fields": {"action_time": "2021-12-19T19:02:33.124Z", "user": 1, "content_type": 13, "object_id": "1", "object_repr": "naroa1. kaixo1234: 5 (2. Nur 1, <QuerySet [<Autor: 2. Toti Martinez de Lezea>]>, 2. Erein, 2. Drama, 1. Euskara, 400 páginas)", "action_flag": 2, "change_message": "[]"}}, {"model": "admin.logentry", "pk": 72, "fields": {"action_time": "2021-12-23T08:15:05.670Z", "user": 1, "content_type": 12, "object_id": "15", "object_repr": "aritz8. kaixo1234", "action_flag": 2, "change_message": "[{\"changed\": {\"fields\": [\"Notificar\"]}}]"}}, {"model": "admin.logentry", "pk": 73, "fields": {"action_time": "2021-12-23T08:15:10.612Z", "user": 1, "content_type": 12, "object_id": "14", "object_repr": "anton9. kaixo1234", "action_flag": 2, "change_message": "[{\"changed\": {\"fields\": [\"Notificar\"]}}]"}}, {"model": "admin.logentry", "pk": 74, "fields": {"action_time": "2021-12-23T08:15:13.500Z", "user": 1, "content_type": 12, "object_id": "13", "object_repr": "mati6. kaixo1234", "action_flag": 2, "change_message": "[{\"changed\": {\"fields\": [\"Notificar\"]}}]"}}, {"model": "admin.logentry", "pk": 75, "fields": {"action_time": "2021-12-23T08:15:17.859Z", "user": 1, "content_type": 12, "object_id": "12", "object_repr": "gorka3. kaixo1234", "action_flag": 2, "change_message": "[{\"changed\": {\"fields\": [\"Notificar\"]}}]"}}, {"model": "admin.logentry", "pk": 76, "fields": {"action_time": "2021-12-23T08:16:30.772Z", "user": 1, "content_type": 11, "object_id": "20", "object_repr": "20. kaixo, <QuerySet [<Autor: 4. Enid Blyton>]>, 1. PlanetaDeLibro, 3. Thriller, 1. Euskara, 400 páginas", "action_flag": 1, "change_message": "[{\"added\": {}}]"}}, {"model": "admin.logentry", "pk": 77, "fields": {"action_time": "2022-01-07T18:07:53.409Z", "user": 1, "content_type": 12, "object_id": "20", "object_repr": "20. eneida98. kaixo1234", "action_flag": 3, "change_message": ""}}, {"model": "admin.logentry", "pk": 78, "fields": {"action_time": "2022-01-07T18:08:40.479Z", "user": 1, "content_type": 12, "object_id": "20", "object_repr": "20. eneida98. kaixo1234", "action_flag": 3, "change_message": ""}}, {"model": "admin.logentry", "pk": 79, "fields": {"action_time": "2022-01-07T18:09:23.279Z", "user": 1, "content_type": 12, "object_id": "20", "object_repr": "20. eneida98. kaixo1234", "action_flag": 3, "change_message": ""}}, {"model": "admin.logentry", "pk": 80, "fields": {"action_time": "2022-01-07T20:11:10.908Z", "user": 1, "content_type": 12, "object_id": "20", "object_repr": "20. unai87. kaixo1234", "action_flag": 3, "change_message": ""}}, {"model": "admin.logentry", "pk": 81, "fields": {"action_time": "2022-01-07T20:19:03.763Z", "user": 1, "content_type": 12, "object_id": "2", "object_repr": "2. ainhoa4. kaixo1234", "action_flag": 2, "change_message": "[{\"changed\": {\"fields\": [\"Nombre\", \"Usuario\"]}}]"}}, {"model": "admin.logentry", "pk": 82, "fields": {"action_time": "2022-01-09T07:27:42.831Z", "user": 1, "content_type": 13, "object_id": "10", "object_repr": "2. ainhoa4. kaixo1234: 2 (7. La casa de los espíritus, 1, 2.0 <QuerySet [<Autor: 6. Isabel Allende>]>, 1. PlanetaDeLibro, 1. Comedia, 1. Euskara, 568 páginas)", "action_flag": 3, "change_message": ""}}, {"model": "admin.logentry", "pk": 83, "fields": {"action_time": "2022-01-09T07:32:10.292Z", "user": 1, "content_type": 13, "object_id": "10", "object_repr": "2. ainhoa4. kaixo1234: 2 (7. La casa de los espíritus, 2, 2.0 <QuerySet [<Autor: 6. Isabel Allende>]>, 1. PlanetaDeLibro, 1. Comedia, 1. Euskara, 568 páginas)", "action_flag": 3, "change_message": ""}}, {"model": "admin.logentry", "pk": 84, "fields": {"action_time": "2022-01-09T08:02:24.202Z", "user": 1, "content_type": 13, "object_id": "10", "object_repr": "2. ainhoa4. kaixo1234: 0 (3. Nur 2, 1, 0.0 <QuerySet [<Autor: 2. Toti Martinez de Lezea>]>, 1. PlanetaDeLibro, 3. Thriller, 1. Euskara, 300 páginas)", "action_flag": 3, "change_message": ""}}, {"model": "auth.permission", "pk": 1, "fields": {"name": "Can add log entry", "content_type": 1, "codename": "add_logentry"}}, {"model": "auth.permission", "pk": 2, "fields": {"name": "Can change log entry", "content_type": 1, "codename": "change_logentry"}}, {"model": "auth.permission", "pk": 3, "fields": {"name": "Can delete log entry", "content_type": 1, "codename": "delete_logentry"}}, {"model": "auth.permission", "pk": 4, "fields": {"name": "Can view log entry", "content_type": 1, "codename": "view_logentry"}}, {"model": "auth.permission", "pk": 5, "fields": {"name": "Can add permission", "content_type": 2, "codename": "add_permission"}}, {"model": "auth.permission", "pk": 6, "fields": {"name": "Can change permission", "content_type": 2, "codename": "change_permission"}}, {"model": "auth.permission", "pk": 7, "fields": {"name": "Can delete permission", "content_type": 2, "codename": "delete_permission"}}, {"model": "auth.permission", "pk": 8, "fields": {"name": "Can view permission", "content_type": 2, "codename": "view_permission"}}, {"model": "auth.permission", "pk": 9, "fields": {"name": "Can add group", "content_type": 3, "codename": "add_group"}}, {"model": "auth.permission", "pk": 10, "fields": {"name": "Can change group", "content_type": 3, "codename": "change_group"}}, {"model": "auth.permission", "pk": 11, "fields": {"name": "Can delete group", "content_type": 3, "codename": "delete_group"}}, {"model": "auth.permission", "pk": 12, "fields": {"name": "Can view group", "content_type": 3, "codename": "view_group"}}, {"model": "auth.permission", "pk": 13, "fields": {"name": "Can add user", "content_type": 4, "codename": "add_user"}}, {"model": "auth.permission", "pk": 14, "fields": {"name": "Can change user", "content_type": 4, "codename": "change_user"}}, {"model": "auth.permission", "pk": 15, "fields": {"name": "Can delete user", "content_type": 4, "codename": "delete_user"}}, {"model": "auth.permission", "pk": 16, "fields": {"name": "Can view user", "content_type": 4, "codename": "view_user"}}, {"model": "auth.permission", "pk": 17, "fields": {"name": "Can add content type", "content_type": 5, "codename": "add_contenttype"}}, {"model": "auth.permission", "pk": 18, "fields": {"name": "Can change content type", "content_type": 5, "codename": "change_contenttype"}}, {"model": "auth.permission", "pk": 19, "fields": {"name": "Can delete content type", "content_type": 5, "codename": "delete_contenttype"}}, {"model": "auth.permission", "pk": 20, "fields": {"name": "Can view content type", "content_type": 5, "codename": "view_contenttype"}}, {"model": "auth.permission", "pk": 21, "fields": {"name": "Can add session", "content_type": 6, "codename": "add_session"}}, {"model": "auth.permission", "pk": 22, "fields": {"name": "Can change session", "content_type": 6, "codename": "change_session"}}, {"model": "auth.permission", "pk": 23, "fields": {"name": "Can delete session", "content_type": 6, "codename": "delete_session"}}, {"model": "auth.permission", "pk": 24, "fields": {"name": "Can view session", "content_type": 6, "codename": "view_session"}}, {"model": "auth.permission", "pk": 25, "fields": {"name": "Can add autor", "content_type": 7, "codename": "add_autor"}}, {"model": "auth.permission", "pk": 26, "fields": {"name": "Can change autor", "content_type": 7, "codename": "change_autor"}}, {"model": "auth.permission", "pk": 27, "fields": {"name": "Can delete autor", "content_type": 7, "codename": "delete_autor"}}, {"model": "auth.permission", "pk": 28, "fields": {"name": "Can view autor", "content_type": 7, "codename": "view_autor"}}, {"model": "auth.permission", "pk": 29, "fields": {"name": "Can add editorial", "content_type": 8, "codename": "add_editorial"}}, {"model": "auth.permission", "pk": 30, "fields": {"name": "Can change editorial", "content_type": 8, "codename": "change_editorial"}}, {"model": "auth.permission", "pk": 31, "fields": {"name": "Can delete editorial", "content_type": 8, "codename": "delete_editorial"}}, {"model": "auth.permission", "pk": 32, "fields": {"name": "Can view editorial", "content_type": 8, "codename": "view_editorial"}}, {"model": "auth.permission", "pk": 33, "fields": {"name": "Can add genero", "content_type": 9, "codename": "add_genero"}}, {"model": "auth.permission", "pk": 34, "fields": {"name": "Can change genero", "content_type": 9, "codename": "change_genero"}}, {"model": "auth.permission", "pk": 35, "fields": {"name": "Can delete genero", "content_type": 9, "codename": "delete_genero"}}, {"model": "auth.permission", "pk": 36, "fields": {"name": "Can view genero", "content_type": 9, "codename": "view_genero"}}, {"model": "auth.permission", "pk": 37, "fields": {"name": "Can add idioma", "content_type": 10, "codename": "add_idioma"}}, {"model": "auth.permission", "pk": 38, "fields": {"name": "Can change idioma", "content_type": 10, "codename": "change_idioma"}}, {"model": "auth.permission", "pk": 39, "fields": {"name": "Can delete idioma", "content_type": 10, "codename": "delete_idioma"}}, {"model": "auth.permission", "pk": 40, "fields": {"name": "Can view idioma", "content_type": 10, "codename": "view_idioma"}}, {"model": "auth.permission", "pk": 41, "fields": {"name": "Can add libro", "content_type": 11, "codename": "add_libro"}}, {"model": "auth.permission", "pk": 42, "fields": {"name": "Can change libro", "content_type": 11, "codename": "change_libro"}}, {"model": "auth.permission", "pk": 43, "fields": {"name": "Can delete libro", "content_type": 11, "codename": "delete_libro"}}, {"model": "auth.permission", "pk": 44, "fields": {"name": "Can view libro", "content_type": 11, "codename": "view_libro"}}, {"model": "auth.permission", "pk": 45, "fields": {"name": "Can add usuario", "content_type": 12, "codename": "add_usuario"}}, {"model": "auth.permission", "pk": 46, "fields": {"name": "Can change usuario", "content_type": 12, "codename": "change_usuario"}}, {"model": "auth.permission", "pk": 47, "fields": {"name": "Can delete usuario", "content_type": 12, "codename": "delete_usuario"}}, {"model": "auth.permission", "pk": 48, "fields": {"name": "Can view usuario", "content_type": 12, "codename": "view_usuario"}}, {"model": "auth.permission", "pk": 49, "fields": {"name": "Can add valoracion", "content_type": 13, "codename": "add_valoracion"}}, {"model": "auth.permission", "pk": 50, "fields": {"name": "Can change valoracion", "content_type": 13, "codename": "change_valoracion"}}, {"model": "auth.permission", "pk": 51, "fields": {"name": "Can delete valoracion", "content_type": 13, "codename": "delete_valoracion"}}, {"model": "auth.permission", "pk": 52, "fields": {"name": "Can view valoracion", "content_type": 13, "codename": "view_valoracion"}}, {"model": "auth.user", "pk": 1, "fields": {"password": "pbkdf2_sha256$260000$gL2JfCF9fUjJ8HR5RdPPyd$7Xd7pXx/Q/mEGIB+jk2OHT4C2rgiR+rtAN6YtpT8arA=", "last_login": "2022-01-07T19:42:59.794Z", "is_superuser": true, "username": "adminDjango", "first_name": "", "last_name": "", "email": "ainhoaillarramendi@opendeusto.es", "is_staff": true, "is_active": true, "date_joined": "2021-11-20T15:34:18.230Z", "groups": [], "user_permissions": []}}, {"model": "auth.user", "pk": 2, "fields": {"password": "pbkdf2_sha256$260000$ulugza7Zr9ryLdCWUdCY8d$T3cjvQbjSeBjZahZjtEi2guWgYqjMDutuOHQ/Ncqkac=", "last_login": "2021-12-12T12:01:19.079Z", "is_superuser": true, "username": "Benny96", "first_name": "", "last_name": "", "email": "benny96@gmail.com", "is_staff": true, "is_active": true, "date_joined": "2021-12-12T12:00:41.025Z", "groups": [], "user_permissions": []}}, {"model": "contenttypes.contenttype", "pk": 1, "fields": {"app_label": "admin", "model": "logentry"}}, {"model": "contenttypes.contenttype", "pk": 2, "fields": {"app_label": "auth", "model": "permission"}}, {"model": "contenttypes.contenttype", "pk": 3, "fields": {"app_label": "auth", "model": "group"}}, {"model": "contenttypes.contenttype", "pk": 4, "fields": {"app_label": "auth", "model": "user"}}, {"model": "contenttypes.contenttype", "pk": 5, "fields": {"app_label": "contenttypes", "model": "contenttype"}}, {"model": "contenttypes.contenttype", "pk": 6, "fields": {"app_label": "sessions", "model": "session"}}, {"model": "contenttypes.contenttype", "pk": 7, "fields": {"app_label": "appBookStore", "model": "autor"}}, {"model": "contenttypes.contenttype", "pk": 8, "fields": {"app_label": "appBookStore", "model": "editorial"}}, {"model": "contenttypes.contenttype", "pk": 9, "fields": {"app_label": "appBookStore", "model": "genero"}}, {"model": "contenttypes.contenttype", "pk": 10, "fields": {"app_label": "appBookStore", "model": "idioma"}}, {"model": "contenttypes.contenttype", "pk": 11, "fields": {"app_label": "appBookStore", "model": "libro"}}, {"model": "contenttypes.contenttype", "pk": 12, "fields": {"app_label": "appBookStore", "model": "usuario"}}, {"model": "contenttypes.contenttype", "pk": 13, "fields": {"app_label": "appBookStore", "model": "valoracion"}}, {"model": "sessions.session", "pk": "at9uo580b6v93d91zciu9dzm710aebjj", "fields": {"session_data": ".eJxVjjsOgzAQRO_iOrJY_CVles6Adu01kCAj8ami3D22RJG082ae5i0GPI9pOHfehjmKuwBx-80Iw4tzBfGJeVxlWPOxzSRrRV50l_0aeXlc3T_BhPtU1kmDiSGFNioPqJ1NiNaDckp1HKzxpKwnx6Q0cNMAIrfOW2oTQTTQVelSDpw4ctFxFp8vymc9Lw:1mz2hp:7dwcOsar3V66NXZw0j6vDZ-PFoLN5MstTRGekjRotQM", "expire_date": "2022-01-02T20:22:53.783Z"}}, {"model": "sessions.session", "pk": "gq7hbt5n2tz3rz2dqrsmpeswple4sj5c", "fields": {"session_data": ".eJxVjDsOwjAQBe_iGllZ_0NJzxmsXXuNA8iR4qRC3B0ipYD2zcx7iYjbWuPWeYlTFmcB4vS7EaYHtx3kO7bbLNPc1mUiuSvyoF1e58zPy-H-HVTs9VsXAzanklTWAdB4VxBdAO21Hjk5G0i7QJ5JG-BhAERWPjhShSBbGMX7A-b5N8s:1n5v8d:b5sQyWuZge8saI6XwWNnN75CHPoNQ0rZbdVTcrTi03U", "expire_date": "2022-01-21T19:42:59.796Z"}}, {"model": "sessions.session", "pk": "gud98vcb3r5mxsom2t2ng626eojk6o7r", "fields": {"session_data": ".eJxVjDsOwjAQBe_iGllZ_0NJzxmsXXuNA8iR4qRC3B0ipYD2zcx7iYjbWuPWeYlTFmcB4vS7EaYHtx3kO7bbLNPc1mUiuSvyoF1e58zPy-H-HVTs9VsXAzanklTWAdB4VxBdAO21Hjk5G0i7QJ5JG-BhAERWPjhShSBbGMX7A-b5N8s:1moSO5:ALyhPG1bUnj1C0E3knNVipFhvRgUqmbLpZtRgGpIFcg", "expire_date": "2021-12-04T15:34:45.876Z"}}, {"model": "sessions.session", "pk": "jp5v137ezzejhxrkhgxqqmci1utnr011", "fields": {"session_data": ".eJxVjDsOwjAQBe_iGllZ_0NJzxmsXXuNA8iR4qRC3B0ipYD2zcx7iYjbWuPWeYlTFmcB4vS7EaYHtx3kO7bbLNPc1mUiuSvyoF1e58zPy-H-HVTs9VsXAzanklTWAdB4VxBdAO21Hjk5G0i7QJ5JG-BhAERWPjhShSBbGMX7A-b5N8s:1myuUF:7yYzojvTcHFxCu424Ctg7MQ_Ivhpqvp38JxrlpTdThU", "expire_date": "2022-01-02T11:36:19.715Z"}}, {"model": "sessions.session", "pk": "qy2ehhkkqhvzll548oku6s1080l3al9e", "fields": {"session_data": ".eJxVjDsOwjAQBe_iGllZ_0NJzxmsXXuNA8iR4qRC3B0ipYD2zcx7iYjbWuPWeYlTFmcB4vS7EaYHtx3kO7bbLNPc1mUiuSvyoF1e58zPy-H-HVTs9VsXAzanklTWAdB4VxBdAO21Hjk5G0i7QJ5JG-BhAERWPjhShSBbGMX7A-b5N8s:1movhT:P1ZJD69Vc9yCQfl5S0GcBfDZ899jyP-W6IqBxiDKn0U", "expire_date": "2021-12-05T22:52:43.834Z"}}, {"model": "sessions.session", "pk": "qzsbcmtoftkrjnx9b3gebsicv9b8wg3q", "fields": {"session_data": ".eJxVjDsOwjAQBe_iGllZ_0NJzxmsXXuNA8iR4qRC3B0ipYD2zcx7iYjbWuPWeYlTFmcB4vS7EaYHtx3kO7bbLNPc1mUiuSvyoF1e58zPy-H-HVTs9VsXAzanklTWAdB4VxBdAO21Hjk5G0i7QJ5JG-BhAERWPjhShSBbGMX7A-b5N8s:1n55vv:Ywq0syvj_BFg6NvBZDNjkU9Ng1ms2rFJEzz3dwX2u8A", "expire_date": "2022-01-19T13:02:27.684Z"}}, {"model": "sessions.session", "pk": "t5gr0o9k43l8sxa0l3c93ngnb5q7mmqq", "fields": {"session_data": ".eJxVjDsOwjAQBe_iGllZ_0NJzxmsXXuNA8iR4qRC3B0ipYD2zcx7iYjbWuPWeYlTFmcB4vS7EaYHtx3kO7bbLNPc1mUiuSvyoF1e58zPy-H-HVTs9VsXAzanklTWAdB4VxBdAO21Hjk5G0i7QJ5JG-BhAERWPjhShSBbGMX7A-b5N8s:1mpraG:oKjaH1ezd3KoH2TdYAVenaMc06BFS-dSw3bf5bo_yOI", "expire_date": "2021-12-08T12:41:08.582Z"}}, {"model": "appBookStore.autor", "pk": 1, "fields": {"nombre": "J. K. Rowling", "biografia": "Joanne \"Jo\" Rowling (nacida en Yate, Reino Unido, 31 de julio de 1965), mejor conocida como J. K. Rowling, es la autora británica de la historia fantástica de Harry Potter, el niño mago huérfano. Nació en Chipping Sodburry, South Gloucestershire.  Su editor, Bloomsbury, quiso que ella utilizara sus iniciales en la portada de los libros de Harry Potter, indicando que un nombre femenino en la portada atraería menos el interés de los niños, por lo que decidió utilizar el nombre de su abuela paterna \"Kathleen\".", "imagenLink": "https://www.hola.com/us/imagenes/actualidad/20200612170024/jkrowling-confesion-abusos-agresion/0-835-487/jk-rowling-getty3-m.jpg?filter=w400"}}, {"model": "appBookStore.autor", "pk": 2, "fields": {"nombre": "Toti Martinez de Lezea", "biografia": "Esperanza Martínez de Lezea nació en 1949 en Vitoria. Una vez finalizados sus estudios de bachillerato se desplazó a la comarca guipuzcoana de Goierri a aprender euskera durante un año. Estudió cuatro años de francés en Francia, para acto seguido viajar a Inglaterra durante tres años para estudiar inglés, así como alemán en Alemania durante dos años más.", "imagenLink": "https://pbs.twimg.com/profile_images/1292436835684278272/Ja8BMFIf_400x400.jpg"}}, {"model": "appBookStore.autor", "pk": 3, "fields": {"nombre": "Roald Dahl", "biografia": "Roald Dahl nació en el distrito de Llandaff de la ciudad de Cardiff, Gales, el 13 de septiembre de 1916, de padres noruegos, Harald Dahl y Sofie Magdalene Hesselberg. Le pusieron el nombre de Roald en honor al explorador Roald Amundsen, un héroe nacional de Noruega. Cuando Roald tenía tres años, su hermana Astrid murió de apendicitis y unas semanas después falleció su padre, Harald, víctima de una neumonía, a los cincuenta y siete años. A pesar de su viudez, su madre prefirió mantener a la familia en Gales en lugar de retornar a Noruega a vivir con sus parientes, para cumplir el deseo de su marido de que sus hijos fueran educados en escuelas británicas.", "imagenLink": "https://static2.paudedamasc.com/autores/Theodor-Schwenk.jpg"}}, {"model": "appBookStore.autor", "pk": 4, "fields": {"nombre": "Enid Blyton", "biografia": "Enid Mary Blyton (East Dulwich, Londres; 11 de agosto de 1897 - Hampstead, Londres; 28 de noviembre de 1968) fue una escritora inglesa que produjo múltiples obras de literatura infantil, entre las cuales se incluyen las series Los Cinco, Secreto, Los Siete Secretos, Misterio y Torres de Malory. Gracias a su padre, desde temprana edad Blyton desarrolló una afición por la naturaleza, el arte, la música, la literatura y el teatro. Si bien la publicación de sus primeros poemas data de mediados de los años 1910,  período en el que puso en práctica una carrera en la docencia que la llevó a mantener contacto con niños,  su carrera como escritora se consolidó tras la conclusión de la Primera Guerra Mundial, en 1920. Su ensayo «On the Popular Fallacy that to the Pure All Things are Pure» despertó e", "imagenLink": "https://i.pinimg.com/originals/ed/3d/b2/ed3db29095ef1ca4a1625d5ecdd83c3c.jpg"}}, {"model": "appBookStore.autor", "pk": 5, "fields": {"nombre": "Bernardo Atxaga", "biografia": "José Irazu Garmendia (Asteasu, 27 de julio de 1951), conocido con el seudónimo de Bernardo Atxaga, es un escritor español. Su obra abarca cuento, novela, poesía y ensayo y ha sido escrita y publicada íntegramente en euskera. Ha traducido varias de sus obras a numerosas lenguas. Además es el escritor en euskera más leído y traducido de la historia.  Se licenció de Ciencias Económicas en la Universidad de Bilbao, y de Filosofía y Letras en la Universidad de Barcelona.  Es un miembro de pleno derecho de la Real Academia de la Lengua Vasca desde 2006, en noviembre de 2010 también fue nombrado miembro de Jakiunde, Academia de las Ciencias, de las Artes y de las Letras. Actualmente vive en la localidad alavesa de Zalduendo.", "imagenLink": "https://www.hayfestival.com/images/product/large/562.jpg"}}, {"model": "appBookStore.autor", "pk": 6, "fields": {"nombre": "Isabel Allende", "biografia": "Isabel Angélica Allende Llona (Lima, Perú; 2 de agosto de 1942)  es una escritora chilena con nacionalidad estadounidense, de ascendencia hispano-portuguesa y nacida en Perú. Desde 2004 es miembro de la Academia Estadounidense de las Artes y las Letras. Obtuvo el Premio Nacional de Literatura de su país en 2010. Autora de superventas, la venta total de sus libros alcanza 73 millones de ejemplares y sus obras han sido traducidas a 42 idiomas.  Es considerada como la escritora viva más leída del mundo de la lengua española.", "imagenLink": "https://nuevodiario-assets.s3.us-east-2.amazonaws.com/wp-content/uploads/2018/01/Isabel-Allende-400x400.jpg"}}, {"model": "appBookStore.autor", "pk": 7, "fields": {"nombre": "Claude Voilier", "biografia": "Claude Voilier (9 November 1917 – 22 May 2009) was a French teacher, journalist, translator (especially of popular English children's series such as The Three Investigators and The Dana Girls into French), and a prolific author, having written over 600 short stories for various French magazines, and about 400 stories for children. In the English-speaking world, she is best known for her continuation of Enid Blyton's The Famous Five series of children's adventure novels. Claude Voilier was born Andrée Labedan around 1930. She wrote two popular novels for children, Le Manoir des cinq preux and Celle qu'on retrouva. She was living in Arcachon (Gironde), France, at the time of her death in May 2009.", "imagenLink": "https://pbs.twimg.com/profile_images/501828023134334977/8qjhP_Ex_400x400.jpeg"}}, {"model": "appBookStore.autor", "pk": 8, "fields": {"nombre": "Eileen Soper", "biografia": "Eileen Alice Soper (26 March 1905, in Municipal Borough of Enfield – 18 March 1990) was an English etcher and illustrator of children's and wildlife books. She produced a series of etchings, mainly of children playing, and illustrated books for other writers, notably for Enid Blyton and Elizabeth Gould. She also wrote and illustrated her own children's book. Some of her illustrations of children and animals were used in a china series for children by Paragon China in the 1930s. Later in life she concentrated on writing and illustrating wildlife books. She was a founder member of the Society of Wildlife Artists (SWLA) and was elected a member of the Royal Society of Miniature Painters, Sculptors and Gravers (RMS) in 1972.", "imagenLink": "https://barnebys.imgix.net/https%3A%2F%2Fcloud10.todocoleccion.online%2Ffotografia-antigua-albumina%2Ftc%2F2015%2F08%2F17%2F18%2F50778003.jpg?auto=format%2Ccompress&crop=0&cs=tinysrgb&fit=crop&h=400&ixlib=php-2.3.0&trim=auto&w=400&s=8b388275d6601438de59f6813446d060"}}, {"model": "appBookStore.autor", "pk": 9, "fields": {"nombre": "Patxi Zabaleta", "biografia": "Inicialmente fue seminarista, pero dejó los estudios religiosos por los de Derecho y Filosofía y Letras. Ejerce como abogado en Pamplona. Fue promotor de ikastolas en Navarra y director entre 1968 y 1973 del euskaltegi Arturo Kanpion. Autor de poemas, en julio de 1972 por orden del Juzgado de Orden Público se procedió a la retirada de las librerías de su recopilatorio Zorion baten zainak.2 Es más conocido, sin embargo, por su actividad política.", "imagenLink": "https://pbs.twimg.com/profile_images/1230717062/Patxi_Zabaleta_400x400.jpg"}}, {"model": "appBookStore.autor", "pk": 10, "fields": {"nombre": "Mikel Sorauren", "biografia": "Mikel Sorauren de Gracia (Pamplona, 1946) es un historiador y político de Navarra (España). Hizo sus estudios en la Universidad de Navarra, Facultad de Filosofía y Letras, sección Historia. Licenciatura y memoria dirigida por Federico Suárez (16-01-1973). Presentó la Memoria de Licenciatura en 1973, con el título de La Desamortización y las Cortes en el Trienio Constitucional (1820-1823). A partir de ese momento se centró en el estudio de la documentación navarra, preferentemente de la Edad Moderna y Edad Contemporánea, aunque sin perder de vista la perspectiva general de la Historia de Navarra. Es miembro fundador del Instituto Jerónimo de Ustaritz (1983), de la Asociación de Estudios e Iniciativas Iturralde, al igual que es miembro también de la asociación cultural Nabarralde.", "imagenLink": "https://img.txalaparta.eus/Autores/vijay-prashad.jpg"}}, {"model": "appBookStore.autor", "pk": 11, "fields": {"nombre": "Juantxo Madariaga", "biografia": "Juan Madariaga (Corrientes, Virreinato del Río de la Plata, 1809 – San Justo, Argentina, 1879) fue un militar argentino, caudillo de su provincia, líder militar del partido unitario, que participó en las guerras civiles del siglo XIX. Era hermano menor de Joaquín Madariaga, al cual siguió fielmente hasta la muerte de este. Estudió en Buenos Aires y regresó a su provincia en 1824, dedicándose a la producción ganadera en la zona de Curuzú Cuatiá. En 1840 fue nombrado comandante de su departamento por el gobernador Pedro Ferré; combatió en la batalla de Caaguazú como auxiliar de caballería. En diciembre de 1842 participó en la derrota de Arroyo Grande, tras de la cual emigró a Brasil.", "imagenLink": "https://mars.nasa.gov/people/images/profile/2x2/juanmota-23318-profile-hi_67C640E1-AD9B-4718-BBE3FAE183D8034D.jpg"}}, {"model": "appBookStore.autor", "pk": 12, "fields": {"nombre": "Xabier Irujo", "biografia": "Xabier Irujo nació en Venezuela, vive en Reno (EEUU) y dirigeel Centro de Estudios Vascos de la Universidad de Nevada. Especialista en temas de genocidio, se considera un \"hijo del exilio\" aunque sus raíces le vinculan fuertemente a Navarra. Su familia ha sufrido seis exilios en cinco generaciones, pero eso no ha hecho sino desarrollar su resiliencia y su capacidad de empatía con los exiliados y marginados de todas partes. Uno de sus primeros recuerdos de ese exilio está localizado en Caracas, donde en casa de sus abuelos se conservaba una maleta verde con la que habían llegado a Venezuela y con la que esperaban regresar a casa algún día. Ese símbolo de su legado familiar permanece en cada uno de los pasos que ha ido dando a lo largo de los años, hasta hoy. Xabier Irujo ha cimentado su tra", "imagenLink": "https://img.txalaparta.eus/Autores/xabier-paya.jpg"}}, {"model": "appBookStore.autor", "pk": 13, "fields": {"nombre": "Fernando Sanchez Aranaz", "biografia": "Fernando Sánchez Aranaz (Donostia-San Sebastián, 1953). Historiador, escritor y periodista, ha trabajado en el mundo de los movimientos sociales y en el campo de la gestión cultural. Colaborador de diversos medios de comunicación. Ha publicado trabajos sobre temas sociales, de gestión cultural y turismo, así como tres novelas, y varios trabajos sobre temas históricos.", "imagenLink": "https://4.bp.blogspot.com/-K0qdTpS4yCk/Vx4f1xLrlYI/AAAAAAAAUX8/BbIkaQOVt6A67Xt727FH5nzcxmS2qhdaACLcB/s1600/1159999206_850215_0000000000_sumario_normal.jpg"}}, {"model": "appBookStore.autor", "pk": 14, "fields": {"nombre": "Idoia Arrieta", "biografia": "Licenciada en Bellas Artes en 1999. Desde entonces ha impartido talleres creativos en escuelas y casas de cultura y ha trabajado en el área de la creatividad y la cultura. Durante años ha sido la gestora y dinamizadora  de la asociación cultural Mikelazulo, editora de la editorial Edo!, impulsora y miembro del colectivo Metrokoadroka, parte del proyecto de confección Marodi sorkuntzak… También realiza ilustraciones, portadas y carteles para diferentes publicaciones, periódicos o colectivos. En 2013 abrió el espacio 100tze, espacio que ha convertido en laboratorio y punto de encuentro para realizar todas estas actividades.", "imagenLink": "https://pbs.twimg.com/profile_images/412670773422084096/EFqnVp9p_400x400.jpeg"}}, {"model": "appBookStore.autor", "pk": 15, "fields": {"nombre": "Asisko Urmeneta", "biografia": "Sus primeros pasos como dibujante y guionista de cómics los dio en los años 80 en los fanzines Korrok y Napartheid. Posteriormente, realizó diversas colaboraciones de prensa (sobre todo en Argia), es miembro del colectivo Zazpiak Batman (ha creado los libros Mantxut junto a Kike Amonarriz y Antton Olariaga), participó en la revista satírica H28 y también dibuja en la revista Xabiroi de la Asociación de Ikastolas. Autopublicó varios cómics. Dibujó portadas de discos de grupos como Oskorri, Pottoka o Negu Gorriak, entre otros.  Además, realizó caricaturas en el programa Mihiluze de ETB1. Junto a Juanjo Elordi dirigió las películas La vuelta la mundo ¡gratis! (Munduaren bira 80 egunetan, doan) en 2009 y en 2011 Gartxot, konkista aitzineko konkista. En 2017 y 2018 Asisko Urmeneta creó dos cómi", "imagenLink": "https://img.txalaparta.eus/Autores/3337-Carles-Capdevila.jpg"}}, {"model": "appBookStore.editorial", "pk": 1, "fields": {"nombre": "PlanetaDeLibro", "explicacion": "Editorial Planeta, embrión de lo que es hoy el Grupo Planeta, se fundó en 1945, hace más de sesenta años. Es la editorial de prestigio con mayor influencia en el mundo de habla hispana. Anualmente convoca el Premio Planeta, el más destacado de los certámenes españoles, junto a otros de gran relevancia literaria.", "imagenLink": "https://www.planetadelibros.com/img/sellos_og/logo_PLANETA.jpg"}}, {"model": "appBookStore.editorial", "pk": 2, "fields": {"nombre": "Erein", "explicacion": "La editorial Erein nació en diciembre de 1976 en Donostia (Gipuzkoa), con la vocación de fomentar e impulsar la cultura vasca. Nuestra producción, además de la literatura, abarca también el material escolar dirigido a la enseñanza obligatoria. Desde la Primaria hasta el Bachillerato, cubrimos prácticamente todas las áreas de aprendizaje. Esporádicamente, incluso tocamos ciertas líneas de nivel universitario, como puede ser Psicología, Empresariales, Pedagogía, etc. La relación de colaboradores, entre escritores, traductores e ilustradores, que durante este tiempo ha contribuido a hacer de Erein un referente en el mundo de la edición en el País Vasco es interminable.", "imagenLink": "https://es.babelio.com/users/EDIG_Erein-Argitaletxea_4875.jpg"}}, {"model": "appBookStore.genero", "pk": 1, "fields": {"nombre": "Comedia"}}, {"model": "appBookStore.genero", "pk": 2, "fields": {"nombre": "Drama"}}, {"model": "appBookStore.genero", "pk": 3, "fields": {"nombre": "Thriller"}}, {"model": "appBookStore.idioma", "pk": 1, "fields": {"nombre": "Euskara"}}, {"model": "appBookStore.idioma", "pk": 2, "fields": {"nombre": "Castellano"}}, {"model": "appBookStore.libro", "pk": 1, "fields": {"nombre": "Harry Potter y la piedra filosofal", "editorial": 1, "genero": 1, "idioma": 1, "paginas": 150, "sinopsis": "Harry Potter se ha quedado huérfano y vive en casa de sus abominables tíos y el insoportable primo Dudley. Harry se siente muy triste y solo, hasta que un buen día recibe una carta que cambiará su vida para siempre. En ella le comunican que ha sido aceptado como alumno en el Colegio Hogwarts de Magia.", "fechaPubli": "2010-06-05", "mediaValoracion": 2.2941176470588234, "numValoraciones": 17, "imagenLink": "https://m.media-amazon.com/images/I/91R1AixEiLL._AC_UL480_FMwebp_QL65_.jpg https://images.cdn2.buscalibre.com/fit-in/360x360/a2/9e/a29ebbd39810f964999f2a9f5f773af8.jpg", "autores": [1]}}, {"model": "appBookStore.libro", "pk": 2, "fields": {"nombre": "Nur 1", "editorial": 2, "genero": 2, "idioma": 1, "paginas": 400, "sinopsis": "En la basura de la casa de amama ha aparecido un gnomo y Nur es feliz. El abuelo piensa que se trata de un ratón y no para de poner cepos en la casa. La niña y sus amigos Ainara, Noelia, Unai y Peio, mientras tanto, se divierten con Finn –así se llama el gnomo irlandés– que se ha convertido en el mejor aliado de sus aventuras. Lectura recomendada a partir de 12 años.", "fechaPubli": "2011-06-07", "mediaValoracion": 4.0, "numValoraciones": 3, "imagenLink": "https://m.media-amazon.com/images/I/716toSJKbvL._AC_UL480_FMwebp_QL65_.jpg", "autores": [2]}}, {"model": "appBookStore.libro", "pk": 3, "fields": {"nombre": "Nur 2", "editorial": 1, "genero": 3, "idioma": 1, "paginas": 300, "sinopsis": "Nur y sus amigos deciden pasar una noche en la selva misteriosa. Con la ayuda del tío Aritz, y cargados con las mochilas, acampan en la selva. Una vez metidos en sus sacos de dormir, comienza la larga noche poblada de historias y duendes, cuya aparición… Pero Nur y sus amigos tienen una misión importante entre manos: buscar un tesoro escondido en algún lugar de la selva misteriosa.", "fechaPubli": "2012-07-08", "mediaValoracion": 1.5, "numValoraciones": 2, "imagenLink": "https://m.media-amazon.com/images/I/71hPiufSImL._AC_UL480_FMwebp_QL65_.jpg", "autores": [2]}}, {"model": "appBookStore.libro", "pk": 4, "fields": {"nombre": "Charlie y la fábrica de chocolate", "editorial": 2, "genero": 1, "idioma": 1, "paginas": 279, "sinopsis": "Charlie Bucket es un niño que vive con sus padres y sus abuelos maternos y paternos en una casa. ... Charlie y su abuelo Joe sueñan con visitar la Fábrica de chocolate de Willy Wonka, que lleva años cerrada al público para evitar espionaje industrial, y el sueño se hará realidad.", "fechaPubli": "2013-08-09", "mediaValoracion": 0.0, "numValoraciones": 0, "imagenLink": "https://m.media-amazon.com/images/I/81D5pVSyljL._AC_UL480_FMwebp_QL65_.jpg", "autores": [3]}}, {"model": "appBookStore.libro", "pk": 5, "fields": {"nombre": "Matilda", "editorial": 1, "genero": 2, "idioma": 1, "paginas": 390, "sinopsis": "Matilda es una lectora empedernida con solo cinco años. Sensible e inteligente, todos la admiran menos sus mediocres padres, que la consideran una inútil. Además tiene poderes extraños y maravillosos... Un día, Matilda decide desquitarse y empieza a emplearlos contra la abominable y cruel señorita Trunchbull.", "fechaPubli": "2014-09-10", "mediaValoracion": 0.0, "numValoraciones": 0, "imagenLink": "https://m.media-amazon.com/images/I/81oU3x3VD+L._AC_UL480_FMwebp_QL65_.jpg", "autores": [3]}}, {"model": "appBookStore.libro", "pk": 6, "fields": {"nombre": "Los 5", "editorial": 2, "genero": 3, "idioma": 1, "paginas": 450, "sinopsis": "Las primeras aventuras de Los Cinco comienzan cuando los padres de Julián, Ana y Dick se marchan de vacaciones a Escocia y envían a sus hijos a casa de sus tíos Quintín y Fanny Kirrin. Allí, los tres hermanos conocen a su prima Jorgina, quien se hace llamar jorge porque detesta ser una chica.", "fechaPubli": "2015-10-11", "mediaValoracion": 0.0, "numValoraciones": 0, "imagenLink": "https://m.media-amazon.com/images/I/71sqIAL7aLL._AC_UL480_FMwebp_QL65_.jpg", "autores": [4, 8, 9]}}, {"model": "appBookStore.libro", "pk": 7, "fields": {"nombre": "La casa de los espíritus", "editorial": 1, "genero": 1, "idioma": 1, "paginas": 568, "sinopsis": "El despótico patriarca Esteban Trueba ha construido con mano de hierro un imperio privado que empieza a tambalearse con el paso del tiempo y un entorno social explosivo. Finalmente, la decadencia personal del patriarca arrastrará a los Trueba a una dolorosa desintegración. Atrapados en unas dramáticas relaciones familiares, los personajes de esta poderosa novela encarnan las tensiones sociales y espirituales de una época que abarca gran parte del siglo XX.", "fechaPubli": "2016-11-12", "mediaValoracion": 2.0, "numValoraciones": 3, "imagenLink": "https://m.media-amazon.com/images/I/81-GChy7dhL._AC_UL480_FMwebp_QL65_.jpg", "autores": [6]}}, {"model": "appBookStore.libro", "pk": 8, "fields": {"nombre": "Bi anai", "editorial": 2, "genero": 2, "idioma": 1, "paginas": 459, "sinopsis": "Txori batek basotik alde egin eta Obabako Pauloren etxera joateko aginduari obeditzen dio, barruko ''Mintzoak'' esanda. Txoriak narratzailea da hemendik aurrera: Pauloren etxean negarrak aditzen ditu, eta heriotza baten seinaletzat hartzen ditu. Herrian heriotzaren seinale gehiago hartzen ditu. Azkenean, Paulo hiltzen ari den bere aitaren ondoan dagoela ikusten da txoriaren begietatik. Aurretik ama ere hil egin dela eta, Daniel (anaia zaharra) zaintzeko erregutzen dio aitak eta Paulok baiezkoa ematen dio.", "fechaPubli": "2011-06-21", "mediaValoracion": 0.0, "numValoraciones": 0, "imagenLink": "https://m.media-amazon.com/images/I/61Xa7sUUcVL._AC_UL480_FMwebp_QL65_.jpg", "autores": [5]}}, {"model": "appBookStore.libro", "pk": 9, "fields": {"nombre": "Obabakoak", "editorial": 1, "genero": 1, "idioma": 2, "paginas": 450, "sinopsis": "Obabakoak reúne las apasionantes historias de los habitantes del territorio de Obaba: el profesor de geografía que recuerda su extraña relación amorosa con una chica que solo conoce en sus cartas, la joven maestra que tiene que aprender a combatir la soledad a lo largo de un frío invierno, la relación de un canónigo con un niño perdido en el bosque, el escritor que da un giro a su vida cuando descubre un detalle asombroso en la ampliación de una vieja foto de la escuela.", "fechaPubli": "2017-01-14", "mediaValoracion": 0.0, "numValoraciones": 0, "imagenLink": "https://m.media-amazon.com/images/I/91i8iwpjAhL._AC_UL480_FMwebp_QL65_.jpg", "autores": [5]}}, {"model": "appBookStore.libro", "pk": 10, "fields": {"nombre": "Hija de la fortuna", "editorial": 2, "genero": 2, "idioma": 2, "paginas": 340, "sinopsis": "Un retrato palpitante de una época marcada por la violencia y la codicia, con entrañables personajes. Eliza Sommers es una joven chilena que vive en Valparaíso en 1849, el año en que se descubre oro en California. Su amante, Joaquín Andieta, parte hacia el norte decidido a encontrar fortuna, y ella decide seguirlo.", "fechaPubli": "2018-02-15", "mediaValoracion": 0.0, "numValoraciones": 0, "imagenLink": "https://m.media-amazon.com/images/I/41nuNKl9N7L._AC_UL480_FMwebp_QL65_.jpg", "autores": [6]}}, {"model": "appBookStore.libro", "pk": 11, "fields": {"nombre": "La balada de Mulán", "editorial": 1, "genero": 3, "idioma": 2, "paginas": 800, "sinopsis": "Tras salir de la cárcel, Ray Winkler se gana la vida como lavaplatos. Harto de este trabajo, se le ocurre una brillante idea: abrir una tienda de galletas, contigua a un banco, con la ayuda de su mujer y un par de rateros de poca monta. Mientras su mujer atiende el negocio, él y sus socios excavan un túnel que conduce al interior del banco. Pronto se harán ricos, pero no exactamente como habían pensado.", "fechaPubli": "2019-03-16", "mediaValoracion": 0.0, "numValoraciones": 0, "imagenLink": "https://m.media-amazon.com/images/I/81DPRVezz8L._AC_UL480_FMwebp_QL65_.jpg", "autores": [6]}}, {"model": "appBookStore.libro", "pk": 12, "fields": {"nombre": "Las brujas", "editorial": 2, "genero": 1, "idioma": 2, "paginas": 780, "sinopsis": "Historia de un pequeño huérfano que, a finales de 1967, se va a vivir con su abuela a Demopolis, un pueblo de Alabama. El niño y su abuela tienen extraños encuentros con algunas brujas aparentemente glamurosas pero absolutamente diabólicas, así que ella decide quitarse de en medio y llevarse al chico a un hotel de lujo en la costa. Por desgracia, llegan exactamente al mismo tiempo que la Gran Bruja que ha reunido a sus compinches de todo el planeta.", "fechaPubli": "2020-04-19", "mediaValoracion": 0.0, "numValoraciones": 0, "imagenLink": "https://m.media-amazon.com/images/I/712CvsO+GHL._AC_UL480_FMwebp_QL65_.jpg", "autores": [3]}}, {"model": "appBookStore.libro", "pk": 13, "fields": {"nombre": "El gran gigante bonachón", "editorial": 1, "genero": 2, "idioma": 2, "paginas": 450, "sinopsis": "Sofía es una niña huérfana que vive en un orfanato de Londres. Una noche ve a través de su ventana una extraña y enorme figura en la calle. Es un gigante con una maleta y una extraña trompeta que se está asomando a las casas de la vecindad.", "fechaPubli": "2000-04-20", "mediaValoracion": 0.0, "numValoraciones": 0, "imagenLink": "https://m.media-amazon.com/images/I/81FpqMgSv8L._AC_UL480_FMwebp_QL65_.jpg", "autores": [3]}}, {"model": "appBookStore.libro", "pk": 14, "fields": {"nombre": "James y el melocotón gigante", "editorial": 2, "genero": 3, "idioma": 2, "paginas": 670, "sinopsis": "James es un niño huérfano que vive con dos tías muy severas que le hacen la vida imposible. Pero un día, un extraño personaje le regala un cucurucho de bolitas mágicas que hacen crecer sorprendentemente al viejo melocotonero del patio.", "fechaPubli": "2001-05-20", "mediaValoracion": 0.0, "numValoraciones": 0, "imagenLink": "https://m.media-amazon.com/images/I/914H77BK62L._AC_UL480_FMwebp_QL65_.jpg", "autores": [3]}}, {"model": "appBookStore.libro", "pk": 15, "fields": {"nombre": "El dedo mágico", "editorial": 1, "genero": 1, "idioma": 2, "paginas": 450, "sinopsis": "El dedo mágico es la historia de una niña de ocho años con un poder muy especial: cada vez que se enfada, su dedo mágico lanza castigos sorprendentes... transforma a las personas en animales. Aunque los Gregg son sus amigos, a ella no le gusta nada que sean cazadores.", "fechaPubli": "2002-05-20", "mediaValoracion": 0.0, "numValoraciones": 0, "imagenLink": "https://m.media-amazon.com/images/I/810e1aSebfL._AC_UL480_FMwebp_QL65_.jpg", "autores": [3]}}, {"model": "appBookStore.libro", "pk": 16, "fields": {"nombre": "Harry Potter y la cámara secreta", "editorial": 2, "genero": 2, "idioma": 2, "paginas": 450, "sinopsis": "Sin saber que alguien había abierto la Cámara de los Secretos, dejando escapar una serie de monstruos peligrosos, Harry y sus amigos Ron y Hermione tendrán que enfrentarse con arañas gigantes, serpientes encantadas, fantasmas enfurecidos y, sobre todo, con la mismísima reencarnación de su más temible adversario.", "fechaPubli": "2003-07-24", "mediaValoracion": 0.0, "numValoraciones": 0, "imagenLink": "https://m.media-amazon.com/images/I/91voauWrUKL._AC_UL480_FMwebp_QL65_.jpg", "autores": [1]}}, {"model": "appBookStore.libro", "pk": 17, "fields": {"nombre": "Harry Potter y el prisionero de Azkaban", "editorial": 1, "genero": 2, "idioma": 2, "paginas": 300, "sinopsis": "La trama del libro describe que un peligroso asesino, Sirius Black, se escapó de Azkaban, la prisión de los magos, y al parecer está dispuesto a encontrar y matar a Harry. Se sabe también que es la primera persona en escapar de la prisión de magos y nadie sabe cómo lo hizo.", "fechaPubli": "2004-08-26", "mediaValoracion": 0.0, "numValoraciones": 0, "imagenLink": "https://m.media-amazon.com/images/I/81k9yx9N5+L._AC_UL480_FMwebp_QL65_.jpg", "autores": [1]}}, {"model": "appBookStore.libro", "pk": 18, "fields": {"nombre": "Nur 3", "editorial": 2, "genero": 1, "idioma": 2, "paginas": 560, "sinopsis": "Nur, junto con sus padres, se ha ido a vivir a China. Allí, hace nuevos amigos y hoy celebran el cumpleaños de Guo Guo. Para ello, han quedado en un enorme parque de atracciones, donde mientras juegan se percatarán de la desaparición del Guo Guo. Durante su búsqueda, quedarán atrapados en un laberinto del que para salir, deberán resolver los enigmas de las nueve puertas del dragón con las que se irán encontrando por el camino.", "fechaPubli": "2005-08-27", "mediaValoracion": 0.0, "numValoraciones": 0, "imagenLink": "https://m.media-amazon.com/images/I/71FaVMyxwAL._AC_UL480_FMwebp_QL65_.jpg", "autores": [2]}}, {"model": "appBookStore.libro", "pk": 19, "fields": {"nombre": "El ejército Carlista del norte", "editorial": 1, "genero": 2, "idioma": 1, "paginas": 450, "sinopsis": "Tomas Zumalakarregi es uno de los principales personajes históricos de nuestro país, uno de los pocos que ha logrado escapar de la hegemonía de la narrativa oficial. Así, para profundizar en el carácter de Zumalakarregi será imprescindible conocer su época y contexto histórico: el sistema comunal, la situación del euskera, la población rural, los trabajadores urbanos ... La última buena época, su época , euareakarregi, más allá del punto de vista de la narrativa que se ha extendido a la garantía liberal del día.", "fechaPubli": "2008-10-30", "mediaValoracion": 0.0, "numValoraciones": 0, "imagenLink": "https://m.media-amazon.com/images/I/81i4nf2ddjL._AC_UL480_FMwebp_QL65_.jpg", "autores": [9, 10, 11, 12, 13, 14, 15]}}, {"model": "appBookStore.libro", "pk": 20, "fields": {"nombre": "kaixo", "editorial": 1, "genero": 3, "idioma": 1, "paginas": 400, "sinopsis": "lalalalakjdhkllln", "fechaPubli": "2021-12-23", "mediaValoracion": 6.0, "numValoraciones": 0, "imagenLink": "https://upload.wikimedia.org/wikipedia/commons/thumb/b/b6/Image_created_with_a_mobile_phone.png/1200px-Image_created_with_a_mobile_phone.png", "autores": [4]}}, {"model": "appBookStore.usuario", "pk": 1, "fields": {"nombre": "Lorea Intxausti", "usuario": "lorea13", "password": "kaixo1234", "notificar": true}}, {"model": "appBookStore.usuario", "pk": 2, "fields": {"nombre": "Ainhoa Jauregiberri", "usuario": "ainhoa4", "password": "kaixo1234", "notificar": false}}, {"model": "appBookStore.usuario", "pk": 3, "fields": {"nombre": "Nora Royo", "usuario": "nora7", "password": "kaixo1234", "notificar": true}}, {"model": "appBookStore.usuario", "pk": 4, "fields": {"nombre": "Naroa Jauregi", "usuario": "naroa1", "password": "kaixo1234", "notificar": true}}, {"model": "appBookStore.usuario", "pk": 5, "fields": {"nombre": "Victor Martinez", "usuario": "victor8", "password": "kaixo1234", "notificar": true}}, {"model": "appBookStore.usuario", "pk": 6, "fields": {"nombre": "Jon Leinena", "usuario": "jon10", "password": "kaixo1234", "notificar": true}}, {"model": "appBookStore.usuario", "pk": 7, "fields": {"nombre": "Mikel Ferrer", "usuario": "mikel9", "password": "kaixo1234", "notificar": true}}, {"model": "appBookStore.usuario", "pk": 8, "fields": {"nombre": "Julen Alboniga-Menor", "usuario": "julen2", "password": "kaixo1234", "notificar": true}}, {"model": "appBookStore.usuario", "pk": 9, "fields": {"nombre": "Alvaro Gutierrez", "usuario": "alvaro5", "password": "kaixo1234", "notificar": true}}, {"model": "appBookStore.usuario", "pk": 10, "fields": {"nombre": "Pablo Alberdi", "usuario": "pablo3", "password": "kaixo1234", "notificar": true}}, {"model": "appBookStore.usuario", "pk": 11, "fields": {"nombre": "Ruben Claveras", "usuario": "ruben6", "password": "kaixo1234", "notificar": true}}, {"model": "appBookStore.usuario", "pk": 12, "fields": {"nombre": "Gorka Esteban", "usuario": "gorka3", "password": "kaixo1234", "notificar": false}}, {"model": "appBookStore.usuario", "pk": 13, "fields": {"nombre": "Aitor Mati", "usuario": "mati6", "password": "kaixo1234", "notificar": false}}, {"model": "appBookStore.usuario", "pk": 14, "fields": {"nombre": "Anton San Gil", "usuario": "anton9", "password": "kaixo1234", "notificar": false}}, {"model": "appBookStore.usuario", "pk": 15, "fields": {"nombre": "Aritz Aldasoro", "usuario": "aritz8", "password": "kaixo1234", "notificar": false}}, {"model": "appBookStore.usuario", "pk": 16, "fields": {"nombre": "Eneida Saldias", "usuario": "eneida98", "password": "kaixo1234", "notificar": false}}, {"model": "appBookStore.valoracion", "pk": 1, "fields": {"usuario": 4, "libro": 2, "puntuacion": 5, "texto": "Libro muy interesante para libros de primaria. A mi hija le ha encantado. Duerme con la camiseta de \"dordoken artean\". No nos perderemos la próxima firma de Durangoko Azoka de Toti Martinez de Lezea. Somos muy fanss!!! Kar kar kar <3"}}, {"model": "appBookStore.valoracion", "pk": 10, "fields": {"usuario": 2, "libro": 2, "puntuacion": 6, "texto": "ajja"}}]